model,mae,rmse,n_train,n_test,uncertain_ratio,uncertain_threshold,model_version
catch,10073.799291087687,21670.55343096536,591,228,0.1491228070175438,3.0,rf_v1_20260716
wholesale_price,1932.008830244955,3556.1476517502506,529,228,0.03508771929824561,1.5,rf_v1_20260716
retail_price,3572.7705865465173,5167.221334534034,23,11,0.6363636363636364,1.5,rf_v1_20260715
